{
  "report_metadata": {
    "generated_at": "2025-07-15T20:35:06.350136",
    "pipeline_version": "Modernized Forecasting Pipeline v2.0",
    "report_type": "Comprehensive Asset Analysis"
  },
  "executive_summary": {
    "asset_overview": {
      "total_wells": 374,
      "successful_wells": 374,
      "success_rate_percent": 100.0,
      "processing_time_seconds": 0,
      "peak_memory_mb": 0
    },
    "production_forecast": {
      "forecast_period_years": 30,
      "p10_total_production_bbl": 58985229.97544134,
      "p50_total_production_bbl": 44012669.48392366,
      "p90_total_production_bbl": 33365487.983072426
    },
    "revenue_forecast": {
      "p10_total_revenue_usd": 3983411386.9179645,
      "p50_total_revenue_usd": 3002134696.5191,
      "p90_total_revenue_usd": 2298624344.7221,
      "average_oil_price_per_bbl": 62.8081388888889,
      "revenue_uncertainty_percent": 56.11963527650284
    },
    "quality_summary": {
      "high_quality_wells": 256,
      "medium_quality_wells": 29,
      "low_quality_wells": 53,
      "very_low_quality_wells": 26,
      "failed_wells": 0,
      "high_quality_percentage": 68.44919786096256,
      "overall_quality_score": 83.08823529411765
    },
    "method_performance": {
      "differential_evolution": {
        "wells_processed": 281,
        "avg_r_squared": 0.593289156195052,
        "avg_pearson_r": 0.647067200896476,
        "success_rate": 80.0711743772242
      },
      "multi_start_lbfgs": {
        "wells_processed": 30,
        "avg_r_squared": 0.642177025102558,
        "avg_pearson_r": 0.7301675403453518,
        "success_rate": 76.66666666666667
      },
      "segmented_regression": {
        "wells_processed": 51,
        "avg_r_squared": 0.7484397889302606,
        "avg_pearson_r": 0.8999259211285845,
        "success_rate": 98.0392156862745
      },
      "rate_cumulative_transform": {
        "wells_processed": 9,
        "avg_r_squared": 0.37141272252143986,
        "avg_pearson_r": 0.7304962504833168,
        "success_rate": 77.77777777777779
      },
      "robust_regression": {
        "wells_processed": 3,
        "avg_r_squared": 0.43728764660827935,
        "avg_pearson_r": 0.3766331215581577,
        "success_rate": 66.66666666666666
      }
    }
  },
  "pipeline_performance": {
    "processing_times": {
      "data_validation": 0.5816655158996582,
      "arps_dca": 206.5539574623108,
      "probabilistic_forecasting": 18.159767627716064,
      "asset_aggregation": 18.03284502029419,
      "revenue_calculation": 0.34008193016052246,
      "comprehensive_validation": 0.016040563583374023,
      "advanced_analytics": 6.227551221847534
    },
    "memory_usage": {
      "data_loading": 264.47265625,
      "arps_dca": 264.48828125,
      "probabilistic_forecasting": 274.0625,
      "asset_aggregation": 281.72265625,
      "revenue_calculation": 282.0078125
    },
    "system_performance": {
      "total_processing_time": 0,
      "arps_dca_time": 206.5539574623108,
      "bayesian_forecasting_time": 0,
      "revenue_calculation_time": 0.34008193016052246,
      "peak_memory_usage": 0
    }
  },
  "arps_dca_analysis": {
    "processing_summary": {
      "total_wells": 374,
      "successful_wells": 374,
      "failed_wells": 0,
      "success_rate": 100.0
    },
    "method_performance": {
      "differential_evolution": {
        "count": 281,
        "avg_r_squared": 0.593289156195052,
        "avg_pearson_r": 0.647067200896476,
        "warning_count": 56
      },
      "multi_start_lbfgs": {
        "count": 30,
        "avg_r_squared": 0.642177025102558,
        "avg_pearson_r": 0.7301675403453518,
        "warning_count": 7
      },
      "segmented_regression": {
        "count": 51,
        "avg_r_squared": 0.7484397889302606,
        "avg_pearson_r": 0.8999259211285845,
        "warning_count": 1
      },
      "rate_cumulative_transform": {
        "count": 9,
        "avg_r_squared": 0.37141272252143986,
        "avg_pearson_r": 0.7304962504833168,
        "warning_count": 2
      },
      "robust_regression": {
        "count": 3,
        "avg_r_squared": 0.43728764660827935,
        "avg_pearson_r": 0.3766331215581577,
        "warning_count": 1
      }
    },
    "quality_tier_distribution": {
      "high": 256,
      "medium": 29,
      "low": 53,
      "very_low": 26,
      "unreliable": 10,
      "failed": 0,
      "unknown": 0
    },
    "parameter_statistics": {
      "initial_production_qi": {
        "mean": 25545.47844471958,
        "median": 25840.623296161524,
        "std": 9400.755942356884,
        "min": 150.0,
        "max": 48896.73435208807
      },
      "decline_rate_di": {
        "mean": 0.23564021456376658,
        "median": 0.19294285886497278,
        "std": 0.19337993550778418,
        "min": 0.001,
        "max": 0.9677366166918143
      },
      "b_factor": {
        "mean": 0.8140504528155135,
        "median": 0.758834118850786,
        "std": 0.559787844628824,
        "min": 0.001,
        "max": 1.99
      }
    },
    "failure_analysis": {}
  },
  "forecasting_results": {
    "forecasting_method": "Traditional Bayesian",
    "forecast_period_months": 360,
    "production_forecast_summary": {
      "p10_total_production_bbl": 58985229.97544134,
      "p50_total_production_bbl": 44012669.48392366,
      "p90_total_production_bbl": 33365487.983072426,
      "peak_monthly_production_bbl": 10148183.977694726
    },
    "uncertainty_analysis": {
      "production_uncertainty_percent": 58.20992521648098,
      "p10_p90_production_ratio": 1.7678515598323266,
      "uncertainty_level": "Very High"
    }
  },
  "revenue_analysis": {
    "revenue_forecast_summary": {
      "p10_total_revenue_usd": 3983411386.9179645,
      "p50_total_revenue_usd": 3002134696.5191,
      "p90_total_revenue_usd": 2298624344.7221,
      "revenue_per_barrel": {
        "p10": 67.53235324464224,
        "p50": 68.21069323267653,
        "p90": 68.89227413332839
      }
    },
    "price_analysis": {
      "average_price_per_bbl": 62.8081388888889,
      "min_price_per_bbl": 61.4,
      "max_price_per_bbl": 75.1
    },
    "revenue_uncertainty": {
      "uncertainty_percent": 56.11963527650284,
      "p10_p90_ratio": 1.7329544934405334
    }
  },
  "quality_assessment": {
    "quality_tier_distribution": {
      "high": 256,
      "medium": 29,
      "low": 53,
      "very_low": 26,
      "unreliable": 10,
      "failed": 0,
      "unknown": 0
    },
    "r_squared_statistics": {
      "mean": 0.6117769259942447,
      "median": 0.8591392726328142,
      "std": 0.6092995822471065,
      "min": -3.4408196843085683,
      "max": 0.9977728622942852,
      "wells_above_08": 234,
      "wells_above_06": 277,
      "wells_negative": 56
    },
    "method_success_rates": {
      "differential_evolution": 80.0711743772242,
      "multi_start_lbfgs": 76.66666666666667,
      "segmented_regression": 98.0392156862745,
      "rate_cumulative_transform": 77.77777777777779,
      "robust_regression": 66.66666666666666
    },
    "parameter_validation": {
      "total_wells": 374,
      "wells_with_issues": 0,
      "wells_with_warnings": 67,
      "validation_pass_rate": 100.0
    }
  },
  "validation_summary": {
    "validation_results": {
      "physical_constraints": {
        "valid": true,
        "issues": [],