{
  "report_metadata": {
    "generated_at": "2025-07-19T13:04:05.039935",
    "pipeline_version": "Modernized Forecasting Pipeline v2.0",
    "report_type": "Comprehensive Asset Analysis"
  },
  "executive_summary": {
    "asset_overview": {
      "total_wells": 374,
      "successful_wells": 374,
      "success_rate_percent": 100.0,
      "processing_time_seconds": 0,
      "peak_memory_mb": 0
    },
    "production_forecast": {
      "forecast_period_years": 30,
      "p10_total_production_bbl": 61399511.971165605,
      "p50_total_production_bbl": 45770412.830883734,
      "p90_total_production_bbl": 34556405.78971672
    },
    "revenue_forecast": {
      "p10_total_revenue_usd": 4136341320.5419793,
      "p50_total_revenue_usd": 3112975325.781739,
      "p90_total_revenue_usd": 2372937956.8262634,
      "average_oil_price_per_bbl": 62.8081388888889,
      "revenue_uncertainty_percent": 56.64687892355475
    },
    "quality_summary": {
      "high_quality_wells": 256,
      "medium_quality_wells": 29,
      "low_quality_wells": 52,
      "very_low_quality_wells": 27,
      "failed_wells": 0,
      "high_quality_percentage": 68.44919786096256,
      "overall_quality_score": 83.02139037433155
    },
    "method_performance": {
      "differential_evolution": {
        "wells_processed": 279,
        "avg_r_squared": 0.5954843705408992,
        "avg_pearson_r": 0.654245343978315,
        "success_rate": 81.00358422939068
      },
      "multi_start_lbfgs": {
        "wells_processed": 30,
        "avg_r_squared": 0.6233245898084513,
        "avg_pearson_r": 0.6853146343529211,
        "success_rate": 73.33333333333333
      },
      "segmented_regression": {
        "wells_processed": 51,
        "avg_r_squared": 0.7484397889302606,
        "avg_pearson_r": 0.8999259211285845,
        "success_rate": 98.0392156862745
      },
      "rate_cumulative_transform": {
        "wells_processed": 9,
        "avg_r_squared": 0.37141272252143986,
        "avg_pearson_r": 0.7304962504833168,
        "success_rate": 77.77777777777779
      },
      "robust_regression": {
        "wells_processed": 5,
        "avg_r_squared": 0.13537932766045335,
        "avg_pearson_r": 0.2503743610781194,
        "success_rate": 40.0
      }
    }
  },
  "pipeline_performance": {
    "processing_times": {
      "data_validation": 0.7315130233764648,
      "arps_dca": 263.72685289382935,
      "probabilistic_forecasting": 23.454087495803833,
      "asset_aggregation": 2.640195608139038,
      "revenue_calculation": 0.44335150718688965,
      "comprehensive_validation": 0.002507448196411133,
      "advanced_analytics": 15.423141479492188
    },
    "memory_usage": {
      "data_loading": 270.0234375,
      "arps_dca": 270.16796875,
      "probabilistic_forecasting": 290.734375,
      "asset_aggregation": 239.046875,
      "revenue_calculation": 239.890625
    },
    "system_performance": {
      "total_processing_time": 0,
      "arps_dca_time": 263.72685289382935,
      "bayesian_forecasting_time": 0,
      "revenue_calculation_time": 0.44335150718688965,
      "peak_memory_usage": 0
    }
  },
  "arps_dca_analysis": {
    "processing_summary": {
      "total_wells": 374,
      "successful_wells": 374,
      "failed_wells": 0,
      "success_rate": 100.0
    },
    "method_performance": {
      "differential_evolution": {
        "count": 279,
        "avg_r_squared": 0.5954843705408992,
        "avg_pearson_r": 0.654245343978315,
        "warning_count": 53
      },
      "multi_start_lbfgs": {
        "count": 30,
        "avg_r_squared": 0.6233245898084513,
        "avg_pearson_r": 0.6853146343529211,
        "warning_count": 8
      },
      "segmented_regression": {
        "count": 51,
        "avg_r_squared": 0.7484397889302606,
        "avg_pearson_r": 0.8999259211285845,
        "warning_count": 1
      },
      "rate_cumulative_transform": {
        "count": 9,
        "avg_r_squared": 0.37141272252143986,
        "avg_pearson_r": 0.7304962504833168,
        "warning_count": 2
      },
      "robust_regression": {
        "count": 5,
        "avg_r_squared": 0.13537932766045335,
        "avg_pearson_r": 0.2503743610781194,
        "warning_count": 3
      }
    },
    "quality_tier_distribution": {
      "high": 256,
      "medium": 29,
      "low": 52,
      "very_low": 27,
      "unreliable": 10,
      "failed": 0,
      "unknown": 0
    },
    "parameter_statistics": {
      "initial_production_qi": {
        "mean": 25643.175344244082,
        "median": 25849.07861868407,
        "std": 9313.836703246363,
        "min": 150.0,
        "max": 48896.73435208807
      },
      "decline_rate_di": {
        "mean": 0.23659575225562568,
        "median": 0.1921945753105754,
        "std": 0.1925648988303354,
        "min": 0.001,
        "max": 0.9677366166918143
      },
      "b_factor": {
        "mean": 0.8249810169186115,
        "median": 0.7543361257001064,
        "std": 0.5722075787342942,
        "min": 0.001,
        "max": 1.99
      }
    },
    "failure_analysis": {}
  },
  "forecasting_results": {
    "forecasting_method": "Traditional Bayesian",
    "forecast_period_months": 360,
    "production_forecast_summary": {
      "p10_total_production_bbl": 61399511.971165605,
      "p50_total_production_bbl": 45770412.830883734,
      "p90_total_production_bbl": 34556405.78971672,
      "peak_monthly_production_bbl": 10183747.091170887
    },
    "uncertainty_analysis": {
      "production_uncertainty_percent": 58.64728876409961,
      "p10_p90_production_ratio": 1.7767910339054083,
      "uncertainty_level": "Very High"
    }
  },
  "revenue_analysis": {
    "revenue_forecast_summary": {
      "p10_total_revenue_usd": 4136341320.5419793,
      "p50_total_revenue_usd": 3112975325.781739,
      "p90_total_revenue_usd": 2372937956.8262634,
      "revenue_per_barrel": {
        "p10": 67.36765794627952,
        "p50": 68.01283041260334,
        "p90": 68.66854068290867
      }
    },
    "price_analysis": {
      "average_price_per_bbl": 62.8081388888889,
      "min_price_per_bbl": 61.4,
      "max_price_per_bbl": 75.1
    },
    "revenue_uncertainty": {
      "uncertainty_percent": 56.64687892355475,
      "p10_p90_ratio": 1.743130834349423
    }
  },
  "quality_assessment": {
    "quality_tier_distribution": {
      "high": 256,
      "medium": 29,
      "low": 52,
      "very_low": 27,
      "unreliable": 10,
      "failed": 0,
      "unknown": 0
    },
    "r_squared_statistics": {
      "mean": 0.6070318648438584,
      "median": 0.8591392726328142,
      "std": 0.6175262560715654,
      "min": -3.558853503847307,
      "max": 0.9977728622942852,
      "wells_above_08": 235,
      "wells_above_06": 277,
      "wells_negative": 58
    },
    "method_success_rates": {
      "differential_evolution": 81.00358422939068,
      "multi_start_lbfgs": 73.33333333333333,
      "segmented_regression": 98.0392156862745,
      "rate_cumulative_transform": 77.77777777777779,
      "robust_regression": 40.0
    },
    "parameter_validation": {
      "total_wells": 374,
      "wells_with_issues": 0,
      "wells_with_warnings": 67,
      "validation_pass_rate": 100.0
    }
  },
  "validation_summary": {
    "validation_results": {
      "physical_constraints": {
        "valid": true,
        "issues": [],